Date,Market_Close,Market_Vol
2018-01-02,2695.8101,3367250000
2018-01-03,2713.0601,3538660000
2018-01-04,2723.99,3695260000
2018-01-05,2743.1499,3236620000
2018-01-08,2747.71,3242650000
2018-01-09,2751.29,3453480000
2018-01-10,2748.23,3576350000
2018-01-11,2767.5601,3641320000
2018-01-12,2786.24,3573970000
2018-01-16,2776.4199,4325970000
2018-01-17,2802.5601,3778050000
2018-01-18,2798.03,3681470000
2018-01-19,2810.3,3639430000
2018-01-22,2832.97,3471780000
2018-01-23,2839.1299,3519650000
2018-01-24,2837.54,4014070000
2018-01-25,2839.25,3835150000
2018-01-26,2872.8701,3443230000
2018-01-29,2853.53,3573830000
2018-01-30,2822.4299,3990650000
2018-01-31,2823.8101,4261280000
2018-02-01,2821.98,3938450000
2018-02-02,2762.1299,4301130000
2018-02-05,2648.9399,5283460000
2018-02-06,2695.1399,5891660000
2018-02-07,2681.6599,4626570000
2018-02-08,2581.0,5305440000
2018-02-09,2619.55,5680070000
2018-02-12,2656.0,4055790000
2018-02-13,2662.9399,3472870000
2018-02-14,2698.6299,4003740000
2018-02-15,2731.2,3684910000
2018-02-16,2732.22,3637460000
2018-02-20,2716.26,3627610000
2018-02-21,2701.3301,3779400000
2018-02-22,2703.96,3701270000
2018-02-23,2747.3,3189190000
2018-02-26,2779.6001,3424650000
2018-02-27,2744.28,3745080000
2018-02-28,2713.8301,4230660000
2018-03-01,2677.6699,4503970000
2018-03-02,2691.25,3882450000
2018-03-05,2720.9399,3710810000
2018-03-06,2728.1201,3370690000
2018-03-07,2726.8,3393270000
2018-03-08,2738.97,3212320000
2018-03-09,2786.5701,3364100000
2018-03-12,2783.02,3185020000
2018-03-13,2765.3101,3301650000
2018-03-14,2749.48,3391360000
2018-03-15,2747.3301,3500330000
2018-03-16,2752.01,5372340000
2018-03-19,2712.9199,3282130000
2018-03-20,2716.9399,3261030000
2018-03-21,2711.9299,3415510000
2018-03-22,2643.6899,3739800000
2018-03-23,2588.26,3815080000
2018-03-26,2658.55,3511100000
2018-03-27,2612.6201,3706350000
2018-03-28,2605.0,3864500000
2018-03-29,2640.8701,3565990000
2018-04-02,2581.8799,3598520000
2018-04-03,2614.45,3392810000
2018-04-04,2644.6899,3350340000
2018-04-05,2662.8401,3178970000
2018-04-06,2604.47,3299700000
2018-04-09,2613.1599,3062960000
2018-04-10,2656.8701,3543930000
2018-04-11,2642.1899,3020760000
2018-04-12,2663.99,3021320000
2018-04-13,2656.3,2960910000
2018-04-16,2677.8401,3019700000
2018-04-17,2706.3899,3234360000
2018-04-18,2708.6399,3383410000
2018-04-19,2693.1299,3349370000
2018-04-20,2670.1399,3388590000
2018-04-23,2670.29,3017480000
2018-04-24,2634.5601,3706740000
2018-04-25,2639.3999,2203579981
2018-04-26,2666.9399,2543293987
2018-04-27,2669.9099,2104565445
2018-04-30,2648.05,2335651561
2018-05-01,2654.8,2185437868
2018-05-02,2635.6699,2303620157
2018-05-03,2629.73,2395693075
2018-05-04,2663.4199,1915006736
2018-05-07,2672.6299,1911248453
2018-05-08,2671.9199,2106585852
2018-05-09,2697.79,2083097634
2018-05-10,2723.0701,1835353794
2018-05-11,2727.72,1796034174
2018-05-14,2730.1299,1820433208
2018-05-15,2711.45,1964096382
2018-05-16,2722.46,1844279675
2018-05-17,2720.1299,1863613028
2018-05-18,2712.97,1956929148
2018-05-21,2733.01,1789869036
2018-05-22,2724.4399,1907818881
2018-05-23,2733.29,2030186160
2018-05-24,2727.76,1965051549
2018-05-25,2721.3301,1683086480
2018-05-29,2689.8601,2250972365
2018-05-30,2724.01,2032100556
2018-05-31,2705.27,2746987187
2018-06-01,2734.6201,1995116170
2018-06-04,2746.8701,1974155386
2018-06-05,2748.8,1982320693
2018-06-06,2772.3501,2130321313
2018-06-07,2770.3701,2139133019
2018-06-08,2779.03,1813371531
2018-06-11,2782.0,1917077606
2018-06-12,2786.8501,1989893988
2018-06-13,2775.6299,2422913937
2018-06-14,2782.49,2271012002
2018-06-15,2779.6599,3501178338
2018-06-18,2773.75,2029883491
2018-06-19,2762.5901,2214221500
2018-06-20,2767.3201,2184211754
2018-06-21,2749.76,2149437119
2018-06-22,2754.8799,2887234463
2018-06-25,2717.0701,2396997400
2018-06-26,2723.0601,2192526142
2018-06-27,2699.6299,2277333138
2018-06-28,2716.3101,2123739786
2018-06-29,2718.3701,2247611935
2018-07-02,2726.71,1774974648
2018-07-03,2713.22,1148652871
2018-07-05,2736.6101,1709735880
2018-07-06,2759.8201,1570610299
2018-07-09,2784.1699,1859165478
2018-07-10,2793.8401,1743427932
2018-07-11,2774.02,1806015298
2018-07-12,2798.29,1862928000
2018-07-13,2801.3101,1757998396
2018-07-16,2798.4299,1791632454
2018-07-17,2809.55,1848700381
2018-07-18,2815.6201,1946267157
2018-07-19,2804.49,2110255100
2018-07-20,2801.8301,2082882088
2018-07-23,2806.98,1863978314
2018-07-24,2820.3999,2183986783
2018-07-25,2846.0701,2288128263
2018-07-26,2837.4399,2578242516
2018-07-27,2818.8201,2343658703
2018-07-30,2802.6001,2240038041
2018-07-31,2816.29,2449761064
2018-08-01,2813.3601,2200609136
2018-08-02,2827.22,2040386957
2018-08-03,2840.3501,1829936668
2018-08-06,2850.3999,1755402887
2018-08-07,2858.45,1792641161
2018-08-08,2857.7,1624654644
2018-08-09,2853.5801,1670803074
2018-08-10,2833.28,1817775083
2018-08-13,2821.9299,1852090896
2018-08-14,2839.96,1733260850
2018-08-15,2818.3701,2170175043
2018-08-16,2840.6899,1990092035
2018-08-17,2850.1299,1897228859
2018-08-20,2857.05,1673590011
2018-08-21,2862.96,1897094700
2018-08-22,2861.8201,1583705458
2018-08-23,2856.98,1653913646
2018-08-24,2874.6899,1675497534
2018-08-27,2896.74,2055945918
2018-08-28,2897.52,1788301628
2018-08-29,2914.04,1761496009
2018-08-30,2901.1299,1725979535
2018-08-31,2901.52,1806136650
2018-09-04,2896.72,1952726439
2018-09-05,2888.6001,2277718447
2018-09-06,2878.05,2025172933
2018-09-07,2871.6799,1942169500
2018-09-10,2877.1299,1762586061
2018-09-11,2887.8899,1880844233
2018-09-12,2888.9199,2063572613
2018-09-13,2904.1799,2167357831
2018-09-14,2904.98,1896515785
2018-09-17,2888.8,1855645865
2018-09-18,2904.3101,1947735430
2018-09-19,2907.95,1942348471
2018-09-20,2930.75,2102348032
2018-09-21,2929.6699,3900791977
2018-09-24,2919.3701,2105481492
2018-09-25,2915.5601,2034744657
2018-09-26,2905.97,2053174998
2018-09-27,2914.0,1803057925
2018-09-28,2913.98,2193939787
2018-10-01,2924.5901,2148843589
2018-10-02,2923.4299,2060042938
2018-10-03,2925.51,2101579719
2018-10-04,2901.6101,2105861176
2018-10-05,2885.5701,2091494758
2018-10-08,2884.4299,2013126777
2018-10-09,2880.3401,2136559731
2018-10-10,2785.6799,2895006266
2018-10-11,2728.3701,2147463514
2018-10-12,2767.1299,2147168245
2018-10-15,2750.79,2023151751
2018-10-16,2809.9199,2137274737
2018-10-17,2809.21,2120418821
2018-10-18,2759.71,1302772928
2018-10-19,2767.78,2467481149
2018-10-22,2755.8799,2145854246
2018-10-23,2740.6899,2810569394
2018-10-24,2656.1001,2147332195
2018-10-25,2705.5701,2147419527
2018-10-26,2658.6899,2147473303
2018-10-29,2641.25,2147273855
2018-10-30,2682.6299,2147380842
2018-10-31,2711.74,2147473372
2018-11-01,2740.3701,2147405477
2018-11-02,2723.0601,2147405764
2018-11-05,2738.3101,2147459458
2018-11-06,2755.45,2102933250
2018-11-07,2813.8899,2123490483
2018-11-08,2806.8301,2147351020
2018-11-09,2781.01,2147174097
2018-11-12,2726.22,2131253635
2018-11-13,2722.1799,2142608408
2018-11-14,2701.5801,2147409163
2018-11-15,2730.2,2146808184
2018-11-16,2736.27,2147360083
2018-11-19,2690.73,2147399029
2018-11-20,2641.8899,2147447046
2018-11-21,2649.9299,2052551182
2018-11-23,2632.5601,988954529
2018-11-26,2673.45,2147097362
2018-11-27,2682.1699,2147396906
2018-11-28,2743.79,2135243012
2018-11-29,2737.76,2102760317
2018-11-30,2760.1699,2101760265
2018-12-03,2790.3701,2147397473
2018-12-04,2700.0601,2147238652
2018-12-06,2695.95,2147436616
2018-12-07,2633.0801,2147023553
2018-12-10,2637.72,2147439615
2018-12-11,2636.78,2147418269
2018-12-12,2651.0701,2144827198
2018-12-13,2650.54,2146130844
2018-12-14,2599.95,2146785104
2018-12-17,2545.9399,2147144208
2018-12-18,2546.1599,2147357028
2018-12-19,2506.96,2147475000
2018-12-20,2467.4199,2147382307
2018-12-21,2416.6201,651893388
2018-12-24,2351.1001,1711551684
2018-12-26,2467.7,2731627234
2018-12-27,2488.8301,2552054898
2018-12-28,2485.74,3702620000
2018-12-31,2506.8501,1998138057
2019-01-02,2510.03,2233765369
2019-01-03,2447.8899,2754752741
2019-01-04,2531.9399,2661709794
2019-01-07,2549.6899,2526552370
2019-01-08,2574.4099,2458286256
2019-01-09,2584.96,2463516870
2019-01-10,2596.6399,2330498011
2019-01-11,2596.26,2063515116
2019-01-14,2582.6101,2242883039
2019-01-15,2610.3,2299611814
2019-01-16,2616.1001,2417328891
2019-01-17,2635.96,2450727381
2019-01-18,2670.71,2617844977
2019-01-22,2632.8999,2590517040
2019-01-23,2638.7,2239098706
2019-01-24,2642.3301,2434655642
2019-01-25,2664.76,2499715080
2019-01-28,2643.8501,2284154065
2019-01-29,2640.0,2148988595
2019-01-30,2681.05,2544657931
2019-01-31,2704.1001,3383825891
2019-02-01,2706.53,2431455095
2019-02-04,2724.8701,2070561799
2019-02-05,2737.7,2145938634
2019-02-06,2731.6101,2056291740
2019-02-07,2706.05,2449415197
2019-02-08,2707.8799,2219273583
2019-02-11,2709.8,1977782524
2019-02-12,2744.73,2290316191
2019-02-13,2753.03,2141980853
2019-02-14,2745.73,2141245049
2019-02-15,2775.6001,2385153253
2019-02-19,2779.76,1984414955
2019-02-20,2784.7,2139229517
2019-02-21,2774.8799,1979489005
2019-02-22,2792.6699,2087754963
2019-02-25,2796.1101,2303642371
2019-02-26,2793.8999,2033263150
2019-02-27,2792.3799,2053868016
2019-02-28,2784.49,2492903684
2019-03-01,2803.6899,2250380361
2019-03-04,2792.8101,2245925091
2019-03-05,2789.6499,2118384032
2019-03-06,2771.45,2078054031
2019-03-07,2748.9299,2280991903
2019-03-08,2743.0701,1971521128
2019-03-11,2783.3,2054706192
2019-03-12,2791.52,1995476094
2019-03-13,2810.9199,2162511945
2019-03-14,2808.48,2052995330
2019-03-15,2822.48,3734916446
2019-03-18,2832.9399,2031400901
2019-03-19,2832.5701,2243489044
2019-03-20,2824.23,2289335844
2019-03-21,2854.8799,2323248426
2019-03-22,2800.71,2485350165
2019-03-25,2798.3601,1931448289
2019-03-26,2818.46,1911821679
2019-03-27,2805.3701,1918159251
2019-03-28,2815.4399,1774788228
2019-03-29,2834.3999,2184384245
2019-04-01,2867.1899,2065945466
2019-04-02,2867.24,1874915359
2019-04-03,2873.3999,2216125460
2019-04-04,2879.3899,1740949270
2019-04-05,2892.74,1747286390
2019-04-08,2895.77,1744343429
2019-04-09,2878.2,1712480401
2019-04-10,2888.21,1595773627
2019-04-11,2888.3201,1625618352
2019-04-12,2907.4099,2175148651
2019-04-15,2905.5801,1719879708
2019-04-16,2907.0601,2059164390
2019-04-17,2900.45,2310102579
2019-04-18,2905.03,2079240009
2019-04-22,2907.97,1747453728
2019-04-23,2933.6799,2171881377
2019-04-24,2927.25,2035575785
2019-04-25,2926.1699,2089426293
2019-04-26,2939.8799,2080498109
2019-04-29,2943.03,1848856715
2019-04-30,2945.8301,2364280370
2019-05-01,2923.73,2227214304
2019-05-02,2917.52,2136002298
2019-05-03,2945.6399,1880651493
2019-05-06,2932.47,1857443096
2019-05-07,2884.05,2283553857
2019-05-08,2879.4199,1919367284
2019-05-09,2870.72,2122567271
2019-05-10,2881.3999,2004542780
2019-05-13,2811.8701,2324156702
2019-05-14,2834.4099,1947348885
2019-05-15,2850.96,1877762469
2019-05-16,2876.3201,1925487672
2019-05-17,2859.53,1887749622
2019-05-20,2840.23,1899719090
2019-05-21,2864.3601,1802041253
2019-05-22,2856.27,1794215276
2019-05-23,2822.24,2225395776
2019-05-24,2826.0601,1601399137
2019-05-28,2802.3899,2487317339
2019-05-29,2783.02,2100549012
2019-05-30,2788.8601,1757961173
2019-05-31,2752.0601,2206214289
2019-06-03,2744.45,2421191119
2019-06-04,2803.27,2294213172
2019-06-05,2826.1499,2031189576
2019-06-06,2843.49,1949547652
2019-06-07,2873.3401,1848513805
2019-06-10,2886.73,1854780007
2019-06-11,2885.72,2038179621
2019-06-12,2879.8401,1618915586
2019-06-13,2891.6399,1638957193
2019-06-14,2886.98,1562976924
2019-06-17,2889.6699,1579314342
2019-06-18,2917.75,2003753210
2019-06-19,2926.46,1864220237
2019-06-20,2954.1799,2057677854
2019-06-21,2950.46,3033185232
2019-06-24,2945.3501,1733220416
2019-06-25,2917.3799,2020032887
2019-06-26,2913.78,2005584141
2019-06-27,2924.9199,1725782515
2019-06-28,2941.76,2959726110
2019-07-01,2964.3301,2042077046
2019-07-02,2973.01,1656797094
2019-07-03,2995.8201,1076119406
2019-07-05,2990.4099,1287369510
2019-07-08,2975.95,1554002628
2019-07-09,2979.6299,1636493097
2019-07-10,2993.0701,1643619368
2019-07-11,2999.9099,1731135974
2019-07-12,3013.77,1609598303
2019-07-15,3014.3,1604048494
2019-07-16,3004.04,1742567428
2019-07-17,2984.4199,1743301026
2019-07-18,2995.1101,1793633457
2019-07-19,2976.6101,1872665473
2019-07-22,2985.03,1667005218
2019-07-23,3005.47,1870688759
2019-07-24,3019.5601,1925226952
2019-07-25,3003.6699,1977743265
2019-07-26,3025.8601,1807302584
2019-07-29,3020.97,1761304156
2019-07-30,3013.1799,1837519861
2019-07-31,2980.3799,2731633880
2019-08-01,2953.5601,2707086272
2019-08-02,2932.05,2210278484
2019-08-05,2844.74,2614970778
2019-08-06,2881.77,2177203736
2019-08-07,2883.98,2360893677
2019-08-08,2938.0901,2209464226
2019-08-09,2918.6499,1888617136
2019-08-12,2883.0901,1440439051
2019-08-13,2926.3201,2129331307
2019-08-14,2840.6001,2543385216
2019-08-15,2847.6001,2421109975
2019-08-16,2888.6799,2063083134
2019-08-19,2923.6499,1779496092
2019-08-20,2900.51,1678619163
2019-08-21,2924.4299,1587398599
2019-08-22,2922.95,1586736328
2019-08-23,2847.1101,2353651930
2019-08-26,2878.3799,1594021309
2019-08-27,2869.1599,1949097485
2019-08-28,2887.9399,1657199496
2019-08-29,2924.5801,1620492414
2019-08-30,2926.46,1609574623
2019-09-03,2906.27,1709526221
2019-09-04,2937.78,1638025756
2019-09-05,2976.0,1985626103
2019-09-06,2978.71,1660754923
2019-09-09,2978.4299,2109065868
2019-09-10,2979.3899,2313900765
2019-09-11,3000.9299,2023030989
2019-09-12,3009.5701,2110912839
2019-09-13,3007.3899,1885111636
2019-09-16,2997.96,1865797043
2019-09-17,3005.7,1835650335
2019-09-18,3006.73,1711314786
2019-09-19,3006.79,1552070564
2019-09-20,2992.0701,3239391426
2019-09-23,2991.78,1584858670
2019-09-24,2966.6001,2022515176
2019-09-25,2984.8701,1755735859
2019-09-26,2977.6201,1589729661
2019-09-27,2961.79,1770249086
2019-09-30,2976.74,1663001742
2019-10-01,2940.25,1889536812
2019-10-02,2887.6101,2132408795
2019-10-03,2910.6299,1879070945
2019-10-04,2952.01,1598498926
2019-10-07,2938.79,1497859583
2019-10-08,2893.0601,1831153664
2019-10-09,2919.3999,1409636911
2019-10-10,2938.1299,1630780755
2019-10-11,2970.27,1952864648
2019-10-14,2966.1499,1332783825
2019-10-15,2995.6799,1676566148
2019-10-16,2989.6899,1740299314
2019-10-17,2997.95,1623369261
2019-10-18,2986.2,1986308651
2019-10-21,3006.72,1749381230
2019-10-22,2995.99,1843264600
2019-10-23,3004.52,1760876330
2019-10-24,3010.29,1935918850
2019-10-25,3022.55,1773425903
2019-10-28,3039.4199,1871168000
2019-10-29,3036.8899,1811955801
2019-10-30,3046.77,1968172946
2019-10-31,3037.5601,2207521396
2019-11-01,3066.9099,1950717139
2019-11-04,3078.27,2114369155
2019-11-05,3074.6201,2249853337
2019-11-06,3076.78,2022311721
2019-11-07,3085.1799,2160097121
2019-11-08,3093.0801,1681254206
2019-11-11,3087.01,1407760565
2019-11-12,3091.8401,1682131599
2019-11-13,3094.04,1716744635
2019-11-14,3096.6299,1658728244
2019-11-15,3120.46,1868559515
2019-11-18,3122.03,1834376060
2019-11-19,3120.1799,1924172382
2019-11-20,3108.46,2372417263
2019-11-21,3103.54,1862138394
2019-11-22,3110.29,1626733207
2019-11-25,3133.6399,1904704053
2019-11-26,3140.52,2493336600
2019-11-27,3153.6299,1493045171
2019-11-29,3140.98,830224239
2019-12-02,3113.8701,1786642208
2019-12-03,3093.2,1991484979
2019-12-04,3112.76,1791049394
2019-12-05,3117.4299,1645721930
2019-12-06,3145.9099,1699014299
2019-12-09,3135.96,1596216273
2019-12-10,3132.52,1662835229
2019-12-11,3141.6299,1711032900
2019-12-12,3168.5701,2217305086
2019-12-13,3168.8,1956819988
2019-12-16,3191.45,2164545446
2019-12-17,3192.52,1971590974
2019-12-18,3191.1399,2109637089
2019-12-19,3205.3701,1923928144
2019-12-20,3221.22,3697537000
2019-12-23,3224.01,1580052417
2019-12-24,3223.3799,589329805
2019-12-26,3239.9099,1047945052
2019-12-27,3240.02,1110175743
2019-12-30,3221.29,1198740754
2019-12-31,3230.78,1285724433
2020-01-02,3257.8501,1827686033
2020-01-03,3234.8501,1733947876
2020-01-06,3246.28,1872802967
2020-01-07,3237.1799,1892856394
2020-01-08,3253.05,1956336829
2020-01-09,3274.7,1839202233
2020-01-10,3265.3501,1631680402
2020-01-13,3288.1299,1765159091
2020-01-14,3283.1499,1969901450
2020-01-15,3289.29,1807140795
2020-01-16,3316.8101,1795632375
2020-01-17,3329.6201,2148780812
2020-01-21,3320.79,2190847523
2020-01-22,3321.75,1852031183
2020-01-23,3325.54,2034159847
2020-01-24,3295.47,2106787710
2020-01-27,3243.6299,2136117899
2020-01-28,3276.24,2023968804
2020-01-29,3273.3999,2124923928
2020-01-30,3283.6599,2253788999
2020-01-31,3225.52,2678835839
2020-02-03,3248.9199,2113052898
2020-02-04,3297.5901,2140871720
2020-02-05,3334.6899,2252878600
2020-02-06,3345.78,1953737177
2020-02-07,3327.71,1851359693
2020-02-10,3352.0901,1735188706
2020-02-11,3357.75,1879876062
2020-02-12,3379.45,2006519340
2020-02-13,3373.9399,1909388714
2020-02-14,3380.1599,1667357285
2020-02-18,3370.29,1914015420
2020-02-19,3386.1499,1725813319
2020-02-20,3373.23,2028505820
2020-02-21,3337.75,2118610218
2020-02-24,3225.8899,2745642954
2020-02-25,3128.21,3132889940
2020-02-26,3116.3899,2992301140
2020-02-27,2978.76,3935257829
2020-02-28,2954.22,5142324277
2020-03-02,3090.23,3819116740
2020-03-03,3003.3701,3871212179
2020-03-04,3130.1201,3078036175
2020-03-05,3023.9399,3234688726
2020-03-06,2972.3701,3910119484
2020-03-09,2746.5601,4706064078
2020-03-10,2882.23,4346012322
2020-03-11,2741.3799,4241642899
2020-03-12,2480.6399,5218633781
2020-03-13,2711.02,5003636035
2020-03-16,2386.1299,4650983384
2020-03-17,2529.1899,4826351185
2020-03-18,2398.1001,5196783768
2020-03-19,2409.3899,4557744384
2020-03-20,2304.9199,5303923234
2020-03-23,2237.3999,4617078431
2020-03-24,2447.3301,4718870107
2020-03-25,2475.5601,4881201399
2020-03-26,2630.0701,4340887034
2020-03-27,2541.47,3590712059
2020-03-30,2626.6499,3370871942
2020-03-31,2584.5901,3991878975
2020-04-01,2470.5,3666502398
2020-04-02,2526.8999,3870184448
2020-04-03,2488.6499,3593003494
2020-04-06,2663.6799,4022970312
2020-04-07,2659.4099,4218972836
2020-04-08,2749.98,3343867617
2020-04-09,2789.8201,4359302597
2020-04-13,2761.6299,2900380791
2020-04-14,2846.0601,3113388741
2020-04-15,2783.3601,3123468178
2020-04-16,2799.55,3185793737
2020-04-17,2874.5601,3554592893
2020-04-20,2823.1599,2935031893
2020-04-21,2736.5601,3096009723
2020-04-22,2799.3101,2779868449
2020-04-23,2797.8,2919383742
2020-04-24,2836.74,2882793416
2020-04-27,2878.48,2795944244
2020-04-28,2863.3899,3237748798
2020-04-29,2939.51,3862944848
2020-04-30,2912.4299,3721235517
2020-05-01,2830.71,2914265069
2020-05-04,2842.74,2877617866
2020-05-05,2868.4399,2974283010
2020-05-06,2848.4199,2855444097
2020-05-07,2881.1899,2831489254
2020-05-08,2929.8,2617877855
2020-05-11,2930.3201,2609806690
2020-05-12,2870.1201,2668655086
2020-05-13,2820.0,3551451164
2020-05-14,2852.5,3348510295
2020-05-15,2863.7,3306748591
2020-05-18,2953.9099,3642081510
2020-05-19,2922.9399,2858250798
2020-05-20,2971.6101,2849677238
2020-05-21,2948.51,2780244068
2020-05-22,2955.45,2185305113
2020-05-26,2991.77,3355998857
2020-05-27,3036.1299,3661742868
2020-05-28,3029.73,3140297035
2020-05-29,3044.3101,4381828887
2020-06-01,3055.73,2501351434
2020-06-02,3080.8201,2807173294
2020-06-03,3122.8701,3160241158
2020-06-04,3112.3501,3738795746
2020-06-05,3193.9299,4795458701
2020-06-08,3232.3899,3698462911
2020-06-09,3207.1799,3156921516
2020-06-10,3190.1399,3568860875
2020-06-11,3002.1001,4123277874
2020-06-12,3041.3101,3385763024
2020-06-15,3066.5901,3208913333
2020-06-16,3124.74,3286788794
2020-06-17,3113.49,2483191141
2020-06-18,3115.3401,2399667782
2020-06-19,3097.74,4992776964
2020-06-22,3117.8601,2559744788
2020-06-23,3131.29,2719245393
2020-06-24,3050.3301,3203219699
2020-06-25,3083.76,2707762288
2020-06-26,3009.05,4385258096
2020-06-29,3053.24,2633408640
2020-06-30,3100.29,2757387711
2020-07-01,3115.8601,2697727407
2020-07-02,3130.01,2326767585
2020-07-06,3179.72,2380431984
2020-07-07,3145.3201,2287837089
2020-07-08,3169.9399,2390189825
2020-07-09,3152.05,2597178292
2020-07-10,3185.04,2407407212
2020-07-13,3155.22,2695331634
2020-07-14,3197.52,2628539056
2020-07-15,3226.5601,2841976156
2020-07-16,3215.5701,2209581968
2020-07-17,3224.73,2219971191
2020-07-20,3251.8401,2171757450
2020-07-21,3257.3,2472394555
2020-07-22,3276.02,2412594515
2020-07-23,3235.6599,2737810512
2020-07-24,3215.6299,2460013758
2020-07-27,3239.4099,2355910999
2020-07-28,3218.4399,2235534686
2020-07-29,3258.4399,2467083167
2020-07-30,3246.22,2425538883
2020-07-31,3271.1201,3065634931
2020-08-03,3294.6101,2378355795
2020-08-04,3306.51,2404966031
2020-08-05,3327.77,2446007003
2020-08-06,3349.1599,2414278723
2020-08-07,3351.28,2282910037
2020-08-10,3360.47,2566548632
2020-08-11,3333.6899,2900493747
2020-08-12,3380.3501,2245003448
2020-08-13,3373.4299,1964512010
2020-08-14,3372.8501,1711020614
2020-08-17,3381.99,1951691959
2020-08-18,3389.78,1794617543
2020-08-19,3374.8501,2018139580
2020-08-20,3385.51,1832094273
2020-08-21,3397.1599,1994452682
2020-08-24,3431.28,2271749784
2020-08-25,3443.6201,2040869584
2020-08-26,3478.73,2003087362
2020-08-27,3484.55,2317902466
2020-08-28,3508.01,2044015618
2020-08-31,3500.3101,2543021541
2020-09-01,3526.6499,2245334277
2020-09-02,3580.8401,2581524590
2020-09-03,3455.0601,3193601820
2020-09-04,3426.96,3044871716
2020-09-08,3331.8401,3066119495
2020-09-09,3398.96,2508541279
2020-09-10,3339.1899,2574758180
2020-09-11,3340.97,2352258971
2020-09-14,3383.54,2363165480
2020-09-15,3401.2,2482004565
2020-09-16,3385.49,2843660468
2020-09-17,3357.01,2740864793
2020-09-18,3319.47,4087680041
2020-09-21,3281.0601,2973366814
2020-09-22,3315.5701,2364817767
2020-09-23,3236.9199,2462124190
2020-09-24,3246.5901,2386884281
2020-09-25,3298.46,2180313684
2020-09-28,3351.6001,2221021352
2020-09-29,3335.47,1945022669
2020-09-30,3363.0,2616747156
2020-10-01,3380.8,2355862321
2020-10-02,3348.4399,2350090813
2020-10-05,3408.6299,2040147536
2020-10-06,3360.95,2549972990
2020-10-07,3419.45,2074262423
2020-10-08,3446.8301,2088859740
2020-10-09,3477.1299,2227950074
2020-10-12,3534.22,2243800302
2020-10-13,3511.9299,2357875709
2020-10-14,3488.6699,2183733760
2020-10-15,3483.3401,2009665085
2020-10-16,3483.8101,2221194565
2020-10-19,3426.9199,2190496245
2020-10-20,3443.1201,2113617250
2020-10-21,3435.5601,2069874908
2020-10-22,3453.49,2386790971
2020-10-23,3465.3899,2161970435
2020-10-26,3400.97,2434639909
2020-10-27,3390.6799,2377161312
2020-10-28,3271.03,3147816269
2020-10-29,3310.1101,2740394478
2020-10-30,3269.96,3007795216
2020-11-02,3310.24,2527875581
2020-11-03,3369.1599,2329419282
2020-11-04,3443.4399,2903448029
2020-11-05,3510.45,2557809196
2020-11-06,3509.4399,2167666491
2020-11-09,3550.5,5064547274
2020-11-10,3545.53,3448216386
2020-11-11,3572.6599,2507688888
2020-11-12,3537.01,2402811380
2020-11-13,3585.1499,2273000532
2020-11-16,3626.9099,2859253753
2020-11-17,3609.53,2404417306
2020-11-18,3567.79,2683278560
2020-11-19,3581.8701,2276561473
2020-11-20,3557.54,2224931806
2020-11-23,3577.5901,2513050446
2020-11-24,3635.4099,3188008724
2020-11-25,3629.6499,2321815046
2020-11-27,3638.3501,1218009418
2020-11-30,3621.6299,3647661568
2020-12-01,3662.45,2636959816
2020-12-02,3669.01,2374370502
2020-12-03,3666.72,2643146959
2020-12-04,3699.1201,2556167753
2020-12-07,3691.96,2342275038
2020-12-08,3702.25,2268154082
2020-12-09,3672.8201,2749560079
2020-12-10,3668.1001,2390202914
2020-12-11,3663.46,2311662756
2020-12-14,3647.49,2508893728
2020-12-15,3694.6201,2512243045
2020-12-16,3701.1699,2245020783
2020-12-17,3722.48,2195077598
2020-12-18,3709.4099,4274404736
2020-12-21,3694.9199,2644225553
2020-12-22,3687.26,2173874864
2020-12-23,3690.01,1825277116
2020-12-24,3703.0601,806346710
2020-12-28,3735.3601,1651103623
2020-12-29,3727.04,1639530130
2020-12-30,3732.04,1559438081
2020-12-31,3756.0701,1661516485
2021-01-04,3700.6499,2732813113
2021-01-05,3726.8601,2352635300
2021-01-06,3748.1399,3171958843
2021-01-07,3803.79,2571777491
2021-01-08,3824.6799,2381318227
2021-01-11,3799.6101,2319343591
2021-01-12,3801.1899,2629158679
2021-01-13,3809.8401,2333148908
2021-01-14,3795.54,2708312930
2021-01-15,3768.25,2744945352
2021-01-19,3798.9099,2461801091
2021-01-20,3851.8501,2344848584
2021-01-21,3853.0701,2571609185
2021-01-22,3841.47,2287817476
2021-01-25,3855.3601,2785380610
2021-01-26,3849.6201,2557931593
2021-01-27,3750.77,3797984292
2021-01-28,3787.3799,3250270662
2021-01-29,3714.24,3311608119
2021-02-01,3773.8601,2442012605
2021-02-02,3826.3101,2415359604
2021-02-03,3830.1699,2264656289
2021-02-04,3871.74,2363442591
2021-02-05,3886.8301,2127359020
2021-02-08,3915.5901,2160498978
2021-02-09,3911.23,2063161038
2021-02-10,3909.8799,2281972857
2021-02-11,3916.3799,2125420320
2021-02-12,3934.8301,1813489527
2021-02-16,3932.5901,2292435291
2021-02-17,3931.3301,2132045229
2021-02-18,3913.97,2006038034
2021-02-19,3906.71,2302434831
2021-02-22,3876.5,2750709131
2021-02-23,3881.3701,2945010328
2021-02-24,3925.4299,2782650674
2021-02-25,3829.3401,2924106301
2021-02-26,3811.1499,3120007466
2021-03-01,3901.8201,2406150594
2021-03-02,3870.29,2284948535
2021-03-03,3819.72,2719094648
2021-03-04,3768.47,3443249365
2021-03-05,3841.9399,3325429131
2021-03-08,3821.3501,2991626851
2021-03-09,3875.4399,2779403380
2021-03-10,3898.8101,2661222204
2021-03-11,3939.3401,2572183377
2021-03-12,3943.3401,2272145272
2021-03-15,3968.9399,2393691238
2021-03-16,3962.71,2367135990
2021-03-17,3974.1201,2447967771
2021-03-18,3915.46,2682168535
2021-03-19,3913.1001,4639551690
2021-03-22,3940.5901,2299904600
2021-03-23,3910.52,2496096710
2021-03-24,3889.1399,2416790107
2021-03-25,3909.52,2395034696
2021-03-26,3974.54,2645398600
2021-03-29,3971.0901,2412905878
2021-03-30,3958.55,2115041068
2021-03-31,3972.8899,2416599388
2021-04-01,4019.8701,2165457735
2021-04-05,4077.9099,2223788819
2021-04-06,4073.9399,2124244001
2021-04-07,4079.95,1955731172
2021-04-08,4097.1699,2012015761
2021-04-09,4128.7998,1880537184
2021-04-12,4127.9902,1922133084
2021-04-13,4141.5898,2062045139
2021-04-14,4124.6602,2091873846
2021-04-15,4170.4199,2125394410
2021-04-16,4185.4702,2210303327
2021-04-19,4163.2598,1985488530
2021-04-20,4134.9399,2289514630
2021-04-21,4173.4199,2101637987
2021-04-22,4134.98,2377341016
2021-04-23,4180.1699,2012547159
2021-04-26,4187.6201,1901562105
2021-04-27,4186.7202,2021543400
2021-04-28,4183.1802,2133550302
2021-04-29,4211.4702,2500478173
2021-04-30,4181.1699,2420629283
2021-05-03,4192.6602,2181608893
2021-05-04,4164.6602,2550622792
2021-05-05,4167.5898,1759870682
2021-05-06,4201.6201,2242910204
2021-05-07,4232.6001,2053400580
2021-05-10,4188.4302,2292348676
2021-05-11,4152.1001,2438056257
2021-05-12,4063.04,2397533113
2021-05-13,4112.5,2164189997
2021-05-14,4173.8501,1908121895
2021-05-17,4163.29,2269453944
2021-05-18,4127.8301,2327082665
2021-05-19,4115.6802,2403523216
2021-05-20,4159.1201,2161065812
2021-05-21,4155.8599,2164681522
2021-05-24,4197.0498,1848072307
2021-05-25,4188.1299,2109359204
2021-05-26,4195.9902,2055014683
2021-05-27,4200.8799,3394898011
2021-05-28,4204.1099,1960313488
2021-06-01,4202.04,2099602956
2021-06-02,4208.1201,2030572039
2021-06-03,4192.8501,2198642276
2021-06-04,4229.8901,1877134142
2021-06-07,4226.52,1744943901
2021-06-08,4227.2598,2120873562
2021-06-09,4219.5498,1801224829
2021-06-10,4239.1802,1952649620
2021-06-11,4247.4399,1685005426
2021-06-14,4255.1499,1853004003
2021-06-15,4246.5898,1826798681
2021-06-16,4223.7002,2216468754
2021-06-17,4221.8599,2580213530
2021-06-18,4166.4502,3619215887
2021-06-21,4224.79,2043051632
2021-06-22,4246.4399,1783455277
2021-06-23,4241.8398,1774854375
2021-06-24,4266.4902,1865796107
2021-06-25,4280.7002,2749763844
2021-06-28,4290.6099,1985885279
2021-06-29,4291.7998,1809396449
2021-06-30,4297.5,1952341627
2021-07-01,4319.9399,1820621751
2021-07-02,4352.3398,1530898435
2021-07-06,4343.54,2055747651
2021-07-07,4358.1299,1935638439
2021-07-08,4320.8198,2059555951
2021-07-09,4369.5498,1795028029
2021-07-12,4384.6299,1709935073
2021-07-13,4369.21,1761859660
2021-07-14,4374.2998,2019584457
2021-07-15,4360.0298,1986589168
2021-07-16,4327.1602,2027107750
2021-07-19,4258.4902,2840163205
2021-07-20,4323.0601,2426517077
2021-07-21,4358.6899,2136773867
2021-07-22,4367.48,1843552391
2021-07-23,4411.79,1777378786
2021-07-26,4422.2998,1802326237
2021-07-27,4401.46,2073481035
2021-07-28,4400.6401,2092509494
2021-07-29,4419.1499,2009413486
2021-07-30,4395.2598,2246066583
2021-08-02,4387.1602,1981527662
2021-08-03,4423.1499,2204134922
2021-08-04,4402.6602,2321431128
2021-08-05,4429.1001,1965926802
2021-08-06,4436.52,1834529765
2021-08-09,4432.3501,1717390769
2021-08-10,4436.75,1914891754
2021-08-11,4447.7002,1872240608
2021-08-12,4460.8301,1636025079
2021-08-13,4468.0,1537574221
2021-08-16,4479.71,1733040764
2021-08-17,4448.0801,1912467005
2021-08-18,4400.27,1892720844
2021-08-19,4405.7998,2207012168
2021-08-20,4441.6699,1813100785
2021-08-23,4479.5298,1854459169
2021-08-24,4486.23,1735648535
2021-08-25,4496.1899,1771232714
2021-08-26,4470.0,1641318926
2021-08-27,4509.3701,1668129894
2021-08-30,4528.79,1566528934
2021-08-31,4522.6802,2161738713
2021-09-01,4524.0898,1933543912
2021-09-02,4536.9502,1782042940
2021-09-03,4535.4302,1533435199
2021-09-07,4520.0298,1781738536
2021-09-08,4514.0698,1784366123
2021-09-09,4493.2798,1818751701
2021-09-10,4458.5801,1848742163
2021-09-13,4468.73,2065690411
2021-09-14,4443.0498,2024366588
2021-09-15,4480.7002,2126050597
2021-09-16,4473.75,1831249340
2021-09-17,4432.9902,3786002045
2021-09-20,4357.73,2598257340
2021-09-21,4354.1899,1914740490
2021-09-22,4395.6401,2003483511
2021-09-23,4448.98,1967079545
2021-09-24,4455.48,1686869239
2021-09-27,4443.1099,2043570002
2021-09-28,4352.6299,2385159271
2021-09-29,4359.46,1897856436
2021-09-30,4307.54,2283948567
2021-10-01,4357.04,2207766762
2021-10-04,4300.46,2438454602
2021-10-05,4345.7202,2029396101
2021-10-06,4363.5498,2060091362
2021-10-07,4399.7598,1949574511
2021-10-08,4391.3398,1694086877
2021-10-11,4361.1899,1695135230
2021-10-12,4350.6499,1962095507
2021-10-13,4363.7998,1939400307
2021-10-14,4438.2598,1945034682
2021-10-15,4471.3701,2052344490
2021-10-18,4486.46,1871564386
2021-10-19,4519.6299,1701419593
2021-10-20,4536.1899,1837718278
2021-10-21,4549.7798,1898355743
2021-10-22,4544.8999,1818770978
2021-10-25,4566.48,1849566005
2021-10-26,4574.79,2016844141
2021-10-27,4551.6802,2243579417
2021-10-28,4596.4199,2177360109
2021-10-29,4605.3799,2346010507
2021-11-01,4613.6699,2030764459
2021-11-02,4630.6499,2146673642
2021-11-03,4660.5698,2150893424
2021-11-04,4680.0601,2557600204
2021-11-05,4697.5298,2595129726
2021-11-08,4701.7002,2205667465
2021-11-09,4685.25,2067398485
2021-11-10,4646.71,2141662928
2021-11-11,4649.27,1728459268
2021-11-12,4682.8501,1871664497
2021-11-15,4682.7998,1829912903
2021-11-16,4700.8999,1929154513
2021-11-17,4688.6699,2057331087
2021-11-18,4704.54,2223166797
2021-11-19,4697.96,2442415234
2021-11-22,4682.9399,2466151901
2021-11-23,4690.7002,2228891377
2021-11-24,4701.46,1851488563
2021-11-26,4594.6201,2092256245
2021-11-29,4655.27,2497291810
2021-11-30,4567.0,4068050909
2021-12-01,4513.04,3044911758
2021-12-02,4577.1001,2801048502
2021-12-03,4538.4302,2714489531
2021-12-06,4591.6699,2582324931
2021-12-07,4686.75,2484136202
2021-12-08,4701.21,2163749157
2021-12-09,4667.4502,1992702933
2021-12-10,4712.02,2117224176
2021-12-13,4668.9702,2426214754
2021-12-14,4634.0898,2454381353
2021-12-15,4709.8501,2561140199
2021-12-16,4668.6699,2745738309
2021-12-17,4620.6401,4578985102
2021-12-20,4568.02,2433981932
2021-12-21,4649.23,2260147801
2021-12-22,4696.5601,1844650487
2021-12-23,4725.79,1594292367
2021-12-27,4791.1899,1505328608
2021-12-28,4786.3501,1425097588
2021-12-29,4793.0601,1354785822
2021-12-30,4778.73,1353705656
2021-12-31,4766.1802,1340241237
2022-01-03,4796.5601,2209533436
2022-01-04,4793.54,2813805151
2022-01-05,4700.5801,2803729359
2022-01-06,4696.0498,2379822969
2022-01-07,4677.0298,2416096517
2022-01-10,4670.29,2675794222
2022-01-11,4713.0698,2243982613
2022-01-12,4726.3501,2117378610
2022-01-13,4659.0298,2374649453
2022-01-14,4662.8501,2521962210
2022-01-18,4577.1099,2737269947
2022-01-19,4532.7598,2483432324
2022-01-20,4482.73,2541011404
2022-01-21,4397.9399,3196964549
2022-01-24,4410.1299,3891581863
2022-01-25,4356.4502,3056989211
2022-01-26,4349.9302,3230985115
2022-01-27,4326.5098,3040759928
2022-01-28,4431.8501,2913164357
2022-01-31,4515.5498,2963155477
2022-02-01,4546.54,2712733572
2022-02-02,4589.3799,2903950893
2022-02-03,4477.4399,2686460186
2022-02-04,4500.5298,2640944042
2022-02-07,4483.8701,2363931782
2022-02-08,4521.54,2531697878
2022-02-09,4587.1802,2416698650
2022-02-10,4504.0801,2689893702
2022-02-11,4418.6401,2874706879
2022-02-14,4401.6699,2511711808
2022-02-15,4471.0698,2322886082
2022-02-16,4475.0098,2334610255
2022-02-17,4380.2598,2324909984
2022-02-18,4348.8701,2583639757
2022-02-22,4304.7598,2749521278
2022-02-23,4225.5,2512417692
2022-02-24,4288.7002,3565761089
2022-02-25,4384.6499,2707792618
2022-02-28,4373.9399,3219433340
2022-03-01,4306.2598,3144859781
2022-03-02,4386.54,2867998095
2022-03-03,4363.4902,2619510815
2022-03-04,4328.8701,2997073880
2022-03-07,4201.0898,3513066861
2022-03-08,4170.7002,3639337569
2022-03-09,4277.8799,3021442270
2022-03-10,4259.52,2581145823
2022-03-11,4204.3101,2338436067
2022-03-14,4173.1099,2684510912
2022-03-15,4262.4502,2636945250
2022-03-16,4357.8599,2926597551
2022-03-17,4411.6699,2432766777
2022-03-18,4463.1201,4233761021
2022-03-21,4461.1802,2469825123
2022-03-22,4511.6099,2340975844
2022-03-23,4456.2402,2184940313
2022-03-24,4520.1602,2073153516
2022-03-25,4543.0601,2000935720
2022-03-28,4575.52,2019462647
2022-03-29,4631.6001,2443956070
2022-03-30,4602.4502,2083192942
2022-03-31,4530.4102,2628843804
2022-04-01,4545.8599,2346497965
2022-04-04,4582.6401,2278755223
2022-04-05,4525.1201,2425248378
2022-04-06,4481.1499,2720107863
2022-04-07,4500.21,2596329084
2022-04-08,4488.2798,2254633200
2022-04-11,4412.5298,2403901042
2022-04-12,4397.4502,2208449999
2022-04-13,4446.5898,2169384807
2022-04-14,4392.5898,2470867311
2022-04-18,4391.6899,2020686695
2022-04-19,4462.21,2198810594
2022-04-20,4459.4502,2356777275
2022-04-21,4393.6602,2637237706
2022-04-22,4271.7798,2520690116
2022-04-25,4296.1201,2839258641
2022-04-26,4175.2002,2637223814
2022-04-27,4183.96,2636232457
2022-04-28,4287.5,2749225700
2022-04-29,4131.9302,2848565077
2022-05-02,4155.3799,2744837614
2022-05-03,4175.48,2494450424
2022-05-04,4300.1699,2872026663
2022-05-05,4146.8701,2869932437
2022-05-06,4123.3398,2737830988
2022-05-09,3991.24,3073865158
2022-05-10,4001.05,2918622876
2022-05-11,3935.1799,2763949436
2022-05-12,3930.0801,3139788075
2022-05-13,4023.8899,2544978092
2022-05-16,4008.01,2213704712
2022-05-17,4088.8501,2458409815
2022-05-18,3923.6799,2712127310
2022-05-19,3900.79,2774295102
2022-05-20,3901.3601,3002384989
2022-05-23,3973.75,2388208957
2022-05-24,3941.48,2436606104
2022-05-25,3978.73,2334088571
2022-05-26,4057.8401,2393688496
2022-05-27,4158.2402,2150059339
2022-05-31,4132.1499,3802655235
2022-06-01,4101.23,2171495669
2022-06-02,4176.8198,2073390326
2022-06-03,4108.54,1879610190
2022-06-06,4121.4302,1919840018
2022-06-07,4160.6802,1964102076
2022-06-08,4115.77,1888845332
2022-06-09,4017.8201,2061086863
2022-06-10,3900.8601,2517736739
2022-06-13,3749.6299,3049364805
2022-06-14,3735.48,2641465353
2022-06-15,3789.99,2783030800
2022-06-16,3666.77,3075657417
2022-06-17,3674.8401,4735841123
2022-06-21,3764.79,2678184797
2022-06-22,3759.8899,2486465259
2022-06-23,3795.73,2517500361
2022-06-24,3911.74,3463802906
2022-06-27,3900.1101,2124362317
2022-06-28,3821.55,2230281340
2022-06-29,3818.8301,2111065494
2022-06-30,3785.3799,2657139522
2022-07-01,3825.3301,2175969036
2022-07-05,3831.3899,2506060130
2022-07-06,3845.0801,2185947932
2022-07-07,3902.6201,2086719603
2022-07-08,3899.3799,1767934743
2022-07-11,3854.4299,1807609391
2022-07-12,3818.8,2130143184
2022-07-13,3801.78,2058496093
2022-07-14,3790.3799,2167947896
2022-07-15,3863.1599,2328223130
2022-07-18,3830.8501,2174880532
2022-07-19,3936.6899,2384285486
2022-07-20,3959.8999,2344933008
2022-07-21,3998.95,2498029117
2022-07-22,3961.6299,2224926634
2022-07-25,3966.8401,1919980757
2022-07-26,3921.05,2106674945
2022-07-27,4023.6101,2431345200
2022-07-28,4072.4299,2492201584
2022-07-29,4130.29,2873733835
2022-08-01,4118.6299,2289872912
2022-08-02,4091.1899,2262200687
2022-08-03,4155.1699,2436476551
2022-08-04,4151.9399,2260188053
2022-08-05,4145.1899,2027451379
2022-08-08,4140.0601,2120439516
2022-08-09,4122.4702,2048973837
2022-08-10,4210.2402,2240786746
2022-08-11,4207.27,2071062580
2022-08-12,4280.1499,1839673374
2022-08-15,4297.1401,1771417898
2022-08-16,4305.2002,1901043758
2022-08-17,4274.04,1850525300
2022-08-18,4283.7402,1740837581
2022-08-19,4228.48,2045645988
2022-08-22,4137.9902,1976203704
2022-08-23,4128.73,1786029375
2022-08-24,4140.77,1737028484
2022-08-25,4199.1201,1847592571
2022-08-26,4057.6599,2113423504
2022-08-29,4030.6101,1893833291
2022-08-30,3986.1599,2044531778
2022-08-31,3955.0,2541475082
2022-09-01,3966.8501,2303154412
2022-09-02,3924.26,2083181521
2022-09-06,3908.1899,2238631934
2022-09-07,3979.8701,2209800080
2022-09-08,4006.1799,2290057541
2022-09-09,4067.3601,2097275308
2022-09-12,4110.4102,2117648252
2022-09-13,3932.6899,2604671729
2022-09-14,3946.01,2450800625
2022-09-15,3901.3501,2510229670
2022-09-16,3873.3301,4363348031
2022-09-19,3899.8899,2117736405
2022-09-20,3855.9299,2335994827
2022-09-21,3789.9299,2487138441
2022-09-22,3757.99,2450867075
2022-09-23,3693.23,2812566206
2022-09-26,3655.04,2605456473
2022-09-27,3647.29,2548804869
2022-09-28,3719.04,2637914627
2022-09-29,3640.47,2601213630
2022-09-30,3585.6201,3126673320
2022-10-03,3678.4299,2796268885
2022-10-04,3790.9299,2886180337
2022-10-05,3783.28,2502482020
2022-10-06,3744.52,2499058575
2022-10-07,3639.6599,2716138719
2022-10-10,3612.3899,2381483415
2022-10-11,3588.8401,2731976978
2022-10-12,3577.03,2375058756
2022-10-13,3669.9099,3202991397
2022-10-14,3583.0701,2666728008
2022-10-17,3677.95,2557227447
2022-10-18,3719.98,2663739031
2022-10-19,3695.1599,2398756059
2022-10-20,3665.78,2643573608
2022-10-21,3752.75,3006076801
2022-10-24,3797.3401,2588908128
2022-10-25,3859.1101,2710890488
2022-10-26,3830.6001,2920633065
2022-10-27,3807.3,3065025495
2022-10-28,3901.0601,2901520060
2022-10-31,3871.98,2787793174
2022-11-01,3856.1001,2621979328
2022-11-02,3759.6899,3113991763
2022-11-03,3719.8899,2856234717
2022-11-04,3770.55,3007928447
2022-11-07,3806.8,2496452846
2022-11-08,3828.1101,2586669895
2022-11-09,3748.5701,2542782564
2022-11-10,3956.3701,3357652603
2022-11-11,3992.9299,3032916652
2022-11-14,3957.25,2615043030
2022-11-15,3991.73,2794165098
2022-11-16,3958.79,2406651146
2022-11-17,3946.5601,2196879829
2022-11-18,3965.3401,2236041314
2022-11-21,3949.9399,2113922792
2022-11-22,4003.5801,1998945068
2022-11-23,4027.26,1753877149
2022-11-25,4026.1201,901126804
2022-11-28,3963.9399,2097892829
2022-11-29,3957.6299,1904609130
2022-11-30,4080.1101,3725030407
2022-12-01,4076.5701,2319414988
2022-12-02,4071.7,2076416488
2022-12-05,3998.8401,2278161210
2022-12-06,3941.26,2367140655
2022-12-07,3933.9199,2263753223
2022-12-08,3963.51,2157778235
2022-12-09,3934.3799,2123231344
2022-12-12,3990.5601,2285904829
2022-12-13,4019.6499,3087952326
2022-12-14,3995.3201,2603890537
2022-12-15,3895.75,2703927276
2022-12-16,3852.3601,5089538353
2022-12-19,3817.6599,2299211168
2022-12-20,3821.6201,2209956558
2022-12-21,3878.4399,2148847365
2022-12-22,3822.3899,2365338674
2022-12-23,3844.8201,1579126770
2022-12-27,3829.25,1744900168
2022-12-28,3783.22,1740055216
2022-12-29,3849.28,1735156616
2022-12-30,3839.5,1706136061
2023-01-03,3824.1399,2353396979
2023-01-04,3852.97,2595164544
2023-01-05,3808.1001,2259316692
2023-01-06,3895.0801,2468430654
2023-01-09,3892.0901,2500082779
2023-01-10,3919.25,2141504907
2023-01-11,3969.6101,2354204882
2023-01-12,3983.1699,2468826678
2023-01-13,3999.0901,2305897852
2023-01-17,3990.97,2498747931
2023-01-18,3928.8601,2545980650
2023-01-19,3898.8501,2465301681
2023-01-20,3972.6101,2617398551
2023-01-23,4019.8101,2469899901
2023-01-24,4016.95,2091229711
2023-01-25,4016.22,2416051835
2023-01-26,4060.4299,2433218693
2023-01-27,4070.5601,2572664062
2023-01-30,4017.77,2303537608
2023-01-31,4076.6001,2865897027
2023-02-01,4119.21,2939837224
2023-02-02,4179.7598,3391309424
2023-02-03,4136.48,2899964493
2023-02-06,4111.0801,2284201082
2023-02-07,4164.0,2612787624
2023-02-08,4117.8599,2543426659
2023-02-09,4081.5,2652617337
2023-02-10,4090.46,2312192918
2023-02-13,4137.29,2125959564
2023-02-14,4136.1299,2219075513
2023-02-15,4147.6001,2112266379
2023-02-16,4090.4099,2264834581
2023-02-17,4079.0901,2380094371
2023-02-21,3997.3401,2347271199
2023-02-22,3991.05,2259720314
2023-02-23,4012.3201,2308657962
2023-02-24,3970.04,2180170804
2023-02-27,3982.24,2068606135
2023-02-28,3970.1499,2771735399
2023-03-01,3951.3899,2225253319
2023-03-02,3981.3501,2252262370
2023-03-03,4045.6399,2228260881
2023-03-06,4048.4199,2183396550
2023-03-07,3986.3701,2261990430
2023-03-08,3992.01,2036782973
2023-03-09,3918.3201,2604828562
2023-03-10,3861.5901,3238481766
2023-03-13,3855.76,4001022053
2023-03-14,3919.29,3434915177
2023-03-15,3891.9299,3657403839
2023-03-16,3960.28,3597816462
2023-03-17,3916.6399,5761269537
2023-03-20,3951.5701,2917994859
2023-03-21,4002.8701,2947355545
2023-03-22,3936.97,2694608426
2023-03-23,3948.72,2797479137
2023-03-24,3970.99,2584795164
2023-03-27,3977.53,2461561562
2023-03-28,3971.27,1986603707
2023-03-29,4027.8101,2251240652
2023-03-30,4050.8301,2103549550
2023-03-31,4109.3101,2516723256
2023-04-03,4124.5098,2425239188
2023-04-04,4100.6001,2264264203
2023-04-05,4090.3799,2325149807
2023-04-06,4105.02,2072470322
2023-04-10,4109.1099,1948962417
2023-04-11,4108.9399,1989408805
2023-04-12,4091.95,2242917713
2023-04-13,4146.2202,2196995300
2023-04-14,4137.6401,2077040795
2023-04-17,4151.3198,2132427049
2023-04-18,4154.8701,2124684260
2023-04-19,4154.52,2158289234
2023-04-20,4129.79,2453132513
2023-04-21,4133.52,2304130058
2023-04-24,4137.04,2113777657
2023-04-25,4071.6299,2535229575
2023-04-26,4055.99,2698867825
2023-04-27,4135.3501,2698412526
2023-04-28,4169.48,2723328076
2023-05-01,4167.8701,2224450232
2023-05-02,4119.5801,2638399719
2023-05-03,4090.75,2765389526
2023-05-04,4061.22,2876115101
2023-05-05,4136.25,2470165404
2023-05-08,4138.1201,2097970022
2023-05-09,4119.1699,2063699116
2023-05-10,4137.6401,2344517718
2023-05-11,4130.6201,2245622679
2023-05-12,4124.0801,2076596316
2023-05-15,4136.2798,2052455077
2023-05-16,4109.8999,2176451205
2023-05-17,4158.77,2440897931
2023-05-18,4198.0498,2409183557
2023-05-19,4191.98,2352764320
2023-05-22,4192.6299,2217613961
2023-05-23,4145.5801,2437622999
2023-05-24,4115.2402,2275689933
2023-05-25,4151.2798,2825869882
2023-05-26,4205.4502,2591763936
2023-05-30,4205.52,2562757079
2023-05-31,4179.8301,4400897953
2023-06-01,4221.02,2581648680
2023-06-02,4282.3701,2730479867
2023-06-05,4273.79,2168511140
2023-06-06,4283.8501,2246726404
2023-06-07,4267.52,2700500977
2023-06-08,4293.9302,2224429186
2023-06-09,4298.8599,2132741718
2023-06-12,4338.9302,2444830660
2023-06-13,4369.0098,2547779855
2023-06-14,4372.5898,2616194926
2023-06-15,4425.8398,2569292175
2023-06-16,4409.5898,4195443308
2023-06-20,4388.71,2431767578
2023-06-21,4365.6899,2324030886
2023-06-22,4381.8901,2091147063
2023-06-23,4348.3301,3056621301
2023-06-26,4328.8198,2248760425
2023-06-27,4378.4102,2286873269
2023-06-28,4376.8599,2276949818
2023-06-29,4396.4399,2152193154
2023-06-30,4450.3799,2489651506
2023-07-03,4455.5898,1234475530
2023-07-05,4446.8198,2152798808
2023-07-06,4411.5898,2206304404
2023-07-07,4398.9502,2113381973
2023-07-10,4409.5298,2153714342
2023-07-11,4439.2598,2131114902
2023-07-12,4472.1602,2323660864
2023-07-13,4510.04,2254612299
2023-07-14,4505.4199,2371250817
2023-07-17,4522.79,2357507633
2023-07-18,4554.98,2538286894
2023-07-19,4565.7202,2585040201
2023-07-20,4534.8701,2593544503
2023-07-21,4536.3398,3275429686
2023-07-24,4554.6401,2136206636
2023-07-25,4567.46,2305490101
2023-07-26,4566.75,2312272045
2023-07-27,4537.4102,2666286293
2023-07-28,4582.23,2359801217
2023-07-31,4588.96,2411537985
2023-08-01,4576.73,2172699881
2023-08-02,4513.3901,2466207896
2023-08-03,4501.8901,2317473374
2023-08-04,4478.0298,2413919840
2023-08-07,4518.4399,2055431221
2023-08-08,4499.3799,2151477615
2023-08-09,4467.71,2046722089
2023-08-10,4468.8301,2111185396
2023-08-11,4464.0498,1850766477
2023-08-14,4489.7202,1955913253
2023-08-15,4437.8599,1977157506
2023-08-16,4404.3301,2001143711
2023-08-17,4370.3599,2216839469
2023-08-18,4369.71,2157858548
2023-08-21,4399.77,2057592847
2023-08-22,4387.5498,1905849406
2023-08-23,4436.0098,2013748142
2023-08-24,4376.3101,2077193771
2023-08-25,4405.71,1976128172
2023-08-28,4433.3101,1669881577
2023-08-29,4497.6299,1936663046
2023-08-30,4514.8701,1827645178
2023-08-31,4507.6602,2352361081
2023-09-01,4515.77,1958155311
2023-09-05,4496.8301,2128341430
2023-09-06,4465.48,2122160141
2023-09-07,4451.1401,2441134922
2023-09-08,4457.4902,2076441612
2023-09-11,4487.46,2165432434
2023-09-12,4461.8999,2184137855
2023-09-13,4467.4399,2268926200
2023-09-14,4505.1001,2275484003
2023-09-15,4450.3198,4244973105
2023-09-18,4453.5298,1932361461
2023-09-19,4443.9502,2018270144
2023-09-20,4402.2002,1976745837
2023-09-21,4330.0,2298552282
2023-09-22,4320.0601,2100743599
2023-09-25,4337.4399,1858119044
2023-09-26,4273.5298,2129442202
2023-09-27,4274.5098,2299297267
2023-09-28,4299.7002,2235764324
2023-09-29,4288.0498,2411036284
2023-10-02,4288.3901,2419266832
2023-10-03,4229.4502,2430973527
2023-10-04,4263.75,2329779403
2023-10-05,4258.1899,2230253462
2023-10-06,4308.5,2493423103
2023-10-09,4335.6602,1981885604
2023-10-10,4358.2402,2160880932
2023-10-11,4376.9502,2115648071
2023-10-12,4349.6099,2344769422
2023-10-13,4327.7798,2302663368
2023-10-16,4373.6299,2124400350
2023-10-17,4373.2002,2355659575
2023-10-18,4314.6001,2390659124
2023-10-19,4278.0,2635705086
2023-10-20,4224.1602,2734219191
2023-10-23,4217.04,2454581997
2023-10-24,4247.6802,2472963274
2023-10-25,4186.77,2665565303
2023-10-26,4137.23,2959734415
2023-10-27,4117.3701,2784710672
2023-10-30,4166.8198,2600517109
2023-10-31,4193.7998,2701786725
2023-11-01,4237.8599,2804876425
2023-11-02,4317.7798,2808160224
2023-11-03,4358.3398,2683282215
2023-11-06,4365.98,2177065334
2023-11-07,4378.3799,2273382086
2023-11-08,4382.7798,2285134021
2023-11-09,4347.3501,2361060379
2023-11-10,4415.2402,2231546561
2023-11-13,4411.5498,1991619458
2023-11-14,4495.7002,2672131739
2023-11-15,4502.8799,2555968121
2023-11-16,4508.2402,2502113762
2023-11-17,4514.02,2273204200
2023-11-20,4547.3799,2183094585
2023-11-21,4538.1899,2059443812
2023-11-22,4556.6201,1886910426
2023-11-24,4559.3398,881155641
2023-11-27,4550.4302,2000833401
2023-11-28,4554.8901,2097872795
2023-11-29,4550.5801,2423616420
2023-11-30,4567.7998,3541778970
2023-12-01,4594.6299,2505721705
2023-12-04,4569.7798,2465568577
2023-12-05,4567.1802,2322321833
2023-12-06,4549.3398,2383220473
2023-12-07,4585.5898,2457048305
2023-12-08,4604.3701,2307905221
2023-12-11,4622.4399,2421573608
2023-12-12,4643.7002,2348740164
2023-12-13,4707.0898,2968692293
2023-12-14,4719.5498,3861364751
2023-12-15,4719.1899,5291443423
2023-12-18,4740.5601,2431569697
2023-12-19,4768.3701,2343967459
2023-12-20,4698.3501,2481584831
2023-12-21,4746.75,2161613127
2023-12-22,4754.6299,1751108227
2023-12-26,4774.75,1446123076
2023-12-27,4781.5801,1613387599
2023-12-28,4783.3501,1484576350
2023-12-29,4769.8301,1744617290
